N, Bubble Sort, Insertion Sort, Selection Sort
10, 45.000000, 28.70, 45.00
20, 190.000000, 113.43, 190.00
50, 1225.000000, 653.23, 1225.00
100, 4950.000000, 2566.87, 4950.00
200, 19900.000000, 10288.63, 19900.00
1000, 499500.000000, 248829.07, 499500.00
5000, 12497500.000000, 6262739.67, 12497500.00
10000, 49995000.000000, 25040681.63, 49995000.00
